cuts,tree_count,n_plans,probability
16,43520,170,49.5897903372835
17,18944,296,21.586144029170466
18,18624,1164,21.22151321786691
19,5728,1432,6.526891522333637
20,944,944,1.0756608933454876
